prompt_name,mode,selected_mode,prompt_type,run_index,device,total_time_seconds,route_time_seconds,generation_time_seconds,overhead_time_seconds,generated_tokens,tokens_per_second,estimated_saved_percent,expensive_model_calls,cheap_accepted_tokens,acceptance_rate,memory_peak_bytes,memory_peak_mb,generated_text
easy,cheap_only,,,0,cuda,1.2883741999976337,0.0,1.2883733000053326,8.999923011288047e-07,32,24.8375045076646,65.0,0,32,1.0,1026697728,979.13525390625,"

Aqui está o texto:

""Ao trabalho de uma empresa, o que é o que é o que"
easy,expensive_only,,,0,cuda,1.3088855999958469,0.0,1.3088849000050686,6.999907782301307e-07,32,24.448278749572566,0.0,32,,,1028381696,980.7412109375,"

A frase que você pode explicar em uma frase é ""água"". E você pode explicar"
easy,adaptive_calibrated,,,0,cuda,1.5132436999992933,0.0,1.5132428999932017,8.00006091594696e-07,32,21.146626944500046,46.25,6,26,0.8125,1026104320,978.5693359375,"

A frase é: ""O que é a água é uma frase que é uma frase que é uma fr"
easy,adaptive_guarded_v3,,,0,cuda,1.6277168999949936,0.0,1.6277162000042154,6.999907782301307e-07,32,19.659438321306624,46.25,6,26,0.8125,1026104320,978.5693359375,"

A frase é: ""O que é a água é uma frase que é uma frase que é uma fr"
easy,speculative_adaptive,,,0,cuda,2.0579924000048777,0.0,2.0579916999995476,7.00005330145359e-07,32,15.549134195016538,34.21875000000001,6,29,0.90625,1040418304,992.22021484375,"

A frase é: ""O que é a água?""

A frase é: ""O que é a águ"
easy,hybrid,speculative_adaptive,general,0,cuda,2.0458709000085946,6.140000186860561e-05,2.045808199996827,1.300009898841381e-06,32,15.641260648394564,34.21875000000001,6,29,0.90625,1040418304,992.22021484375,"

A frase é: ""O que é a água?""

A frase é: ""O que é a águ"
easy,hybrid,speculative_adaptive,general,1,cuda,2.345824999996694,5.43000060133636e-05,2.345769499996095,1.1999945854768157e-06,32,13.64125627446425,34.21875000000001,6,29,0.90625,1040418304,992.22021484375,"

A frase é: ""O que é a água?""

A frase é: ""O que é a águ"
easy,speculative_adaptive,,,1,cuda,2.349891200006823,0.0,2.3498899999976857,1.200009137392044e-06,32,13.617651744858266,34.21875000000001,6,29,0.90625,1040418304,992.22021484375,"

A frase é: ""O que é a água?""

A frase é: ""O que é a águ"
easy,adaptive_guarded_v3,,,1,cuda,1.7235779000038747,0.0,1.7235771999985445,7.00005330145359e-07,32,18.566030580879495,46.25,6,26,0.8125,1026104320,978.5693359375,"

A frase é: ""O que é a água é uma frase que é uma frase que é uma fr"
easy,adaptive_calibrated,,,1,cuda,1.6803593000076944,0.0,1.6803586000023643,7.00005330145359e-07,32,19.043546222437946,46.25,6,26,0.8125,1026104320,978.5693359375,"

A frase é: ""O que é a água é uma frase que é uma frase que é uma fr"
easy,expensive_only,,,1,cuda,1.796902299989597,0.0,1.7969014999980573,7.999915396794677e-07,32,17.80842508810037,0.0,32,,,1028381696,980.7412109375,"

A frase que você pode explicar em uma frase é ""água"". E você pode explicar"
easy,cheap_only,,,1,cuda,1.3846810000104597,0.0,1.3846805000066524,5.00003807246685e-07,32,23.110015952958317,65.0,0,32,1.0,1026697728,979.13525390625,"

Aqui está o texto:

""Ao trabalho de uma empresa, o que é o que é o que"
easy,cheap_only,,,2,cuda,1.2802332999999635,0.0,1.2802327999961562,5.00003807246685e-07,32,24.995444189743317,65.0,0,32,1.0,1026697728,979.13525390625,"

Aqui está o texto:

""Ao trabalho de uma empresa, o que é o que é o que"
easy,expensive_only,,,2,cuda,1.3702465999958804,0.0,1.3702457000035793,8.999923011288047e-07,32,23.353460610736935,0.0,32,,,1028381696,980.7412109375,"

A frase que você pode explicar em uma frase é ""água"". E você pode explicar"
easy,adaptive_calibrated,,,2,cuda,1.6338660000037635,0.0,1.6338654999999562,5.00003807246685e-07,32,19.5854494799,46.25,6,26,0.8125,1026104320,978.5693359375,"

A frase é: ""O que é a água é uma frase que é uma frase que é uma fr"
easy,adaptive_guarded_v3,,,2,cuda,1.586897000001045,0.0,1.5868964999972377,5.00003807246685e-07,32,20.165139892493922,46.25,6,26,0.8125,1026104320,978.5693359375,"

A frase é: ""O que é a água é uma frase que é uma frase que é uma fr"
easy,speculative_adaptive,,,2,cuda,1.8510861999966437,0.0,1.851085600006627,5.999900167807937e-07,32,17.287147405700512,34.21875000000001,6,29,0.90625,1040418304,992.22021484375,"

A frase é: ""O que é a água?""

A frase é: ""O que é a águ"
easy,hybrid,speculative_adaptive,general,2,cuda,2.0112325999944005,5.050000618211925e-05,2.011181599998963,4.999892553314567e-07,32,15.910641066622077,34.21875000000001,6,29,0.90625,1040418304,992.22021484375,"

A frase é: ""O que é a água?""

A frase é: ""O que é a águ"
easy,hybrid,speculative_adaptive,general,3,cuda,2.2297914999944624,5.18000015290454e-05,2.2297392999898875,4.00003045797348e-07,32,14.351117582105534,34.21875000000001,6,29,0.90625,1040418304,992.22021484375,"

A frase é: ""O que é a água?""

A frase é: ""O que é a águ"
easy,speculative_adaptive,,,3,cuda,2.2365059000003384,0.0,2.23650520000956,6.999907782301307e-07,32,14.308032900782939,34.21875000000001,6,29,0.90625,1040418304,992.22021484375,"

A frase é: ""O que é a água?""

A frase é: ""O que é a águ"
easy,adaptive_guarded_v3,,,3,cuda,1.5722844999982044,0.0,1.572284000008949,4.999892553314567e-07,32,20.352550699340064,46.25,6,26,0.8125,1026104320,978.5693359375,"

A frase é: ""O que é a água é uma frase que é uma frase que é uma fr"
easy,adaptive_calibrated,,,3,cuda,1.6581236000056379,0.0,1.6581230000010692,6.00004568696022e-07,32,19.298923192391204,46.25,6,26,0.8125,1026104320,978.5693359375,"

A frase é: ""O que é a água é uma frase que é uma frase que é uma fr"
easy,expensive_only,,,3,cuda,1.5062991000013426,0.0,1.5062984000105644,6.999907782301307e-07,32,21.244120772542104,0.0,32,,,1028381696,980.7412109375,"

A frase que você pode explicar em uma frase é ""água"". E você pode explicar"
easy,cheap_only,,,3,cuda,1.1847127999935765,0.0,1.1847121999890078,6.00004568696022e-07,32,27.01076581613156,65.0,0,32,1.0,1026697728,979.13525390625,"

Aqui está o texto:

""Ao trabalho de uma empresa, o que é o que é o que"
easy,cheap_only,,,4,cuda,1.4131520999944769,0.0,1.41315150000446,5.999900167807937e-07,32,22.644413152784523,65.0,0,32,1.0,1026697728,979.13525390625,"

Aqui está o texto:

""Ao trabalho de uma empresa, o que é o que é o que"
easy,expensive_only,,,4,cuda,1.416142200003378,0.0,1.4161414000118384,7.999915396794677e-07,32,22.59660082153026,0.0,32,,,1028381696,980.7412109375,"

A frase que você pode explicar em uma frase é ""água"". E você pode explicar"
easy,adaptive_calibrated,,,4,cuda,1.5686361999978544,0.0,1.568635700008599,4.999892553314567e-07,32,20.399886219662513,46.25,6,26,0.8125,1026104320,978.5693359375,"

A frase é: ""O que é a água é uma frase que é uma frase que é uma fr"
easy,adaptive_guarded_v3,,,4,cuda,1.494679899988114,0.0,1.4946791000111261,7.999769877642393e-07,32,21.409266291902682,46.25,6,26,0.8125,1026104320,978.5693359375,"

A frase é: ""O que é a água é uma frase que é uma frase que é uma fr"
easy,speculative_adaptive,,,4,cuda,2.0138027999928454,0.0,2.01380230000359,4.999892553314567e-07,32,15.89033444591183,34.21875000000001,6,29,0.90625,1040418304,992.22021484375,"

A frase é: ""O que é a água?""

A frase é: ""O que é a águ"
easy,hybrid,speculative_adaptive,general,4,cuda,2.430289800002356,8.269998943433166e-05,2.4302061000053072,1.00000761449337e-06,32,13.167153974793038,34.21875000000001,6,29,0.90625,1040418304,992.22021484375,"

A frase é: ""O que é a água?""

A frase é: ""O que é a águ"
math,cheap_only,,,0,cuda,1.5265802000067197,0.0,1.5265795000013895,7.00005330145359e-07,32,20.96188591982206,65.0,0,32,1.0,1029135872,981.46044921875,"

Averaging the results, we get:

f(x) = (x-1)/5 + (5/5)x +"
math,expensive_only,,,0,cuda,1.3756657999911113,0.0,1.3756649999995716,7.999915396794677e-07,32,23.26146364924298,0.0,32,,,1031153152,983.38427734375,"

A inversa de f(x) é f^(-1)(x) = (x-1)/5.

Ao contr"
math,adaptive_calibrated,,,0,cuda,1.6496583000116516,0.0,1.64965750000556,8.00006091594696e-07,32,19.3979565342556,43.125,7,25,0.78125,1030534144,982.7939453125,"

A inversa de f(x)=5x+1 é (x-1)/5 é porque a é igual a f("
math,adaptive_guarded_v3,,,0,cuda,1.6119112000014866,0.0,1.611910400009947,7.999915396794677e-07,32,19.852210220991385,43.125,7,25,0.78125,1030534144,982.7939453125,"

A inversa de f(x)=5x+1 é (x-1)/5 é porque a é igual a f("
math,speculative_adaptive,,,0,cuda,2.5776636000082362,0.0,2.577663100004429,5.00003807246685e-07,32,12.414342973186164,11.875000000000002,10,25,0.78125,1045759488,997.31396484375,"

A inversa de f(x)=5x+1 é (x-1)/5 pois ele é a f(x)/5"
math,hybrid,adaptive_calibrated,math_symbolic_dense,0,cuda,1.5785748999915086,6.769999163225293e-05,1.578506699996069,5.00003807246685e-07,32,20.271448633936934,43.125,7,25,0.78125,1030534144,982.7939453125,"

A inversa de f(x)=5x+1 é (x-1)/5 é porque a é igual a f("
math,hybrid,adaptive_calibrated,math_symbolic_dense,1,cuda,1.5802388000010978,6.520000169984996e-05,1.5801729999948293,6.00004568696022e-07,32,20.250103971613512,43.125,7,25,0.78125,1030534144,982.7939453125,"

A inversa de f(x)=5x+1 é (x-1)/5 é porque a é igual a f("
math,speculative_adaptive,,,1,cuda,2.7418120999936946,0.0,2.7418113999883644,7.00005330145359e-07,32,11.671113421694212,11.875000000000002,10,25,0.78125,1045759488,997.31396484375,"

A inversa de f(x)=5x+1 é (x-1)/5 pois ele é a f(x)/5"
math,adaptive_guarded_v3,,,1,cuda,2.0281666000082623,0.0,2.0281660000036936,6.00004568696022e-07,32,15.777796557674128,43.125,7,25,0.78125,1030534144,982.7939453125,"

A inversa de f(x)=5x+1 é (x-1)/5 é porque a é igual a f("
math,adaptive_calibrated,,,1,cuda,1.434984199993778,0.0,1.4349835999892093,6.00004568696022e-07,32,22.29989710000901,43.125,7,25,0.78125,1030534144,982.7939453125,"

A inversa de f(x)=5x+1 é (x-1)/5 é porque a é igual a f("
math,expensive_only,,,1,cuda,1.1918581000063568,0.0,1.1918575000017881,6.00004568696022e-07,32,26.848833766225464,0.0,32,,,1031153152,983.38427734375,"

A inversa de f(x) é f^(-1)(x) = (x-1)/5.

Ao contr"
math,cheap_only,,,1,cuda,1.3215762000036193,0.0,1.3215755999990506,6.00004568696022e-07,32,24.213511108865582,65.0,0,32,1.0,1029135872,981.46044921875,"

Averaging the results, we get:

f(x) = (x-1)/5 + (5/5)x +"
math,cheap_only,,,2,cuda,1.3710511999961454,0.0,1.3710507999930996,4.00003045797348e-07,32,23.339755656163653,65.0,0,32,1.0,1029135872,981.46044921875,"

Averaging the results, we get:

f(x) = (x-1)/5 + (5/5)x +"
math,expensive_only,,,2,cuda,1.3206308999942848,0.0,1.320630500005791,3.9998849388211966e-07,32,24.23084300097664,0.0,32,,,1031153152,983.38427734375,"

A inversa de f(x) é f^(-1)(x) = (x-1)/5.

Ao contr"
math,adaptive_calibrated,,,2,cuda,1.6103176000033272,0.0,1.6103169999987585,6.00004568696022e-07,32,19.871856334386386,43.125,7,25,0.78125,1030534144,982.7939453125,"

A inversa de f(x)=5x+1 é (x-1)/5 é porque a é igual a f("
math,adaptive_guarded_v3,,,2,cuda,1.9652326999930665,0.0,1.9652321000030497,5.999900167807937e-07,32,16.283058998617772,43.125,7,25,0.78125,1030534144,982.7939453125,"

A inversa de f(x)=5x+1 é (x-1)/5 é porque a é igual a f("
math,speculative_adaptive,,,2,cuda,2.4457238000031793,0.0,2.445723099997849,7.00005330145359e-07,32,13.08406125007182,11.875000000000002,10,25,0.78125,1045759488,997.31396484375,"

A inversa de f(x)=5x+1 é (x-1)/5 pois ele é a f(x)/5"
math,hybrid,adaptive_calibrated,math_symbolic_dense,2,cuda,1.4527000000089174,7.690000347793102e-05,1.4526225000008708,6.00004568696022e-07,32,22.02794795883773,43.125,7,25,0.78125,1030534144,982.7939453125,"

A inversa de f(x)=5x+1 é (x-1)/5 é porque a é igual a f("
math,hybrid,adaptive_calibrated,math_symbolic_dense,3,cuda,1.7141802000114694,7.46000005165115e-05,1.7141049000056228,7.00005330145359e-07,32,18.667815670596294,43.125,7,25,0.78125,1030534144,982.7939453125,"

A inversa de f(x)=5x+1 é (x-1)/5 é porque a é igual a f("
math,speculative_adaptive,,,3,cuda,2.5794269000034546,0.0,2.579426299998886,6.00004568696022e-07,32,12.405856510202767,11.875000000000002,10,25,0.78125,1045759488,997.31396484375,"

A inversa de f(x)=5x+1 é (x-1)/5 pois ele é a f(x)/5"
math,adaptive_guarded_v3,,,3,cuda,1.797994500011555,0.0,1.7979938000062248,7.00005330145359e-07,32,17.79760727843959,43.125,7,25,0.78125,1030534144,982.7939453125,"

A inversa de f(x)=5x+1 é (x-1)/5 é porque a é igual a f("
math,adaptive_calibrated,,,3,cuda,1.6560966999968514,0.0,1.6560958999907598,8.00006091594696e-07,32,19.32254318244873,43.125,7,25,0.78125,1030534144,982.7939453125,"

A inversa de f(x)=5x+1 é (x-1)/5 é porque a é igual a f("
math,expensive_only,,,3,cuda,1.5043105000077048,0.0,1.5043095000000903,1.00000761449337e-06,32,21.272204109348504,0.0,32,,,1031153152,983.38427734375,"

A inversa de f(x) é f^(-1)(x) = (x-1)/5.

Ao contr"
math,cheap_only,,,3,cuda,1.4895913999935146,0.0,1.4895905000012135,8.999923011288047e-07,32,21.482401147146337,65.0,0,32,1.0,1029135872,981.46044921875,"

Averaging the results, we get:

f(x) = (x-1)/5 + (5/5)x +"
math,cheap_only,,,4,cuda,1.3830842000024859,0.0,1.3830835999979172,6.00004568696022e-07,32,23.1366969559355,65.0,0,32,1.0,1029135872,981.46044921875,"

Averaging the results, we get:

f(x) = (x-1)/5 + (5/5)x +"
math,expensive_only,,,4,cuda,1.339234299986856,0.0,1.3392334000091068,8.999777492135763e-07,32,23.894250617919557,0.0,32,,,1031153152,983.38427734375,"

A inversa de f(x) é f^(-1)(x) = (x-1)/5.

Ao contr"
math,adaptive_calibrated,,,4,cuda,1.5096896999893943,0.0,1.5096893000009004,3.9998849388211966e-07,32,21.196408772097207,43.125,7,25,0.78125,1030534144,982.7939453125,"

A inversa de f(x)=5x+1 é (x-1)/5 é porque a é igual a f("
math,adaptive_guarded_v3,,,4,cuda,1.5693472999992082,0.0,1.5693468000099529,4.999892553314567e-07,32,20.390642657629797,43.125,7,25,0.78125,1030534144,982.7939453125,"

A inversa de f(x)=5x+1 é (x-1)/5 é porque a é igual a f("
math,speculative_adaptive,,,4,cuda,2.6884677999914857,0.0,2.6884673000022303,4.999892553314567e-07,32,11.902690446990418,11.875000000000002,10,25,0.78125,1045759488,997.31396484375,"

A inversa de f(x)=5x+1 é (x-1)/5 pois ele é a f(x)/5"
math,hybrid,adaptive_calibrated,math_symbolic_dense,4,cuda,1.5437626000057207,6.289999873843044e-05,1.5436991000024136,6.00004568696022e-07,32,20.728575753734038,43.125,7,25,0.78125,1030534144,982.7939453125,"

A inversa de f(x)=5x+1 é (x-1)/5 é porque a é igual a f("
logic_negation,cheap_only,,,0,cuda,1.172529499992379,0.0,1.1725288000016008,6.999907782301307e-07,32,27.291424224471953,65.0,0,32,1.0,1030599168,982.85595703125,"

Ao verificar se o vento está entre 0 e 1, se o valor de cada vez mais 1"
logic_negation,expensive_only,,,0,cuda,1.220641699997941,0.0,1.2206410000071628,6.999907782301307e-07,32,26.215719158254203,0.0,32,,,1032868864,985.0205078125,"

Para saber mais sobre o vento, pode usar o botão abaixonado no botão de navegador"
logic_negation,adaptive_calibrated,,,0,cuda,1.8897128999960842,0.0,1.889712199990754,7.00005330145359e-07,32,16.933789254476864,33.75,10,22,0.6875,1030013952,982.2978515625,"

Para saber mais sobre o vento, pode usar o botão ""Saber o vento"" no menu do"
logic_negation,adaptive_guarded_v3,,,0,cuda,1.818722700001672,0.0,1.8187220999971032,6.00004568696022e-07,32,17.594765821073537,33.75,10,22,0.6875,1030013952,982.2978515625,"

Para saber mais sobre o vento, pode usar o botão ""Saber o vento"" no menu do"
logic_negation,speculative_adaptive,,,0,cuda,2.9971865999978036,0.0,2.997185999993235,6.00004568696022e-07,32,10.676679256481211,-8.59375,12,23,0.71875,1048937984,1000.34521484375,"

Ao sair, o vento deve ser menor que o que o usuario estiver usando. Se o usuario"
logic_negation,hybrid,speculative_adaptive,logic,0,cuda,3.1568149000086123,6.299999949987978e-05,3.156751400005305,5.00003807246685e-07,32,10.136799595032544,-8.59375,12,23,0.71875,1048937984,1000.34521484375,"

Ao sair, o vento deve ser menor que o que o usuario estiver usando. Se o usuario"
logic_negation,hybrid,speculative_adaptive,logic,1,cuda,3.448594300003606,6.259999645408243e-05,3.4485312000033446,5.00003807246685e-07,32,9.279143098962537,-8.59375,12,23,0.71875,1048937984,1000.34521484375,"

Ao sair, o vento deve ser menor que o que o usuario estiver usando. Se o usuario"
logic_negation,speculative_adaptive,,,1,cuda,3.2735963000013726,0.0,3.273595899998327,4.00003045797348e-07,32,9.775182113929743,-8.59375,12,23,0.71875,1048937984,1000.34521484375,"

Ao sair, o vento deve ser menor que o que o usuario estiver usando. Se o usuario"
logic_negation,adaptive_guarded_v3,,,1,cuda,1.715841699988232,0.0,1.7158410999982152,5.999900167807937e-07,32,18.649739075708133,33.75,10,22,0.6875,1030013952,982.2978515625,"

Para saber mais sobre o vento, pode usar o botão ""Saber o vento"" no menu do"
logic_negation,adaptive_calibrated,,,1,cuda,1.7009220000036294,0.0,1.7009212999982992,7.00005330145359e-07,32,18.813325949062754,33.75,10,22,0.6875,1030013952,982.2978515625,"

Para saber mais sobre o vento, pode usar o botão ""Saber o vento"" no menu do"
logic_negation,expensive_only,,,1,cuda,1.3877055999910226,0.0,1.3877050000010058,5.999900167807937e-07,32,23.059646080701135,0.0,32,,,1032868864,985.0205078125,"

Para saber mais sobre o vento, pode usar o botão abaixonado no botão de navegador"
logic_negation,cheap_only,,,1,cuda,1.3737534999963827,0.0,1.373752899991814,6.00004568696022e-07,32,23.29384420136819,65.0,0,32,1.0,1030599168,982.85595703125,"

Ao verificar se o vento está entre 0 e 1, se o valor de cada vez mais 1"
logic_negation,cheap_only,,,2,cuda,1.2475819999963278,0.0,1.2475814999925205,5.00003807246685e-07,32,25.649616618462105,65.0,0,32,1.0,1030599168,982.85595703125,"

Ao verificar se o vento está entre 0 e 1, se o valor de cada vez mais 1"
logic_negation,expensive_only,,,2,cuda,1.5154185999999754,0.0,1.5154178999946453,7.00005330145359e-07,32,21.11627770703126,0.0,32,,,1032868864,985.0205078125,"

Para saber mais sobre o vento, pode usar o botão abaixonado no botão de navegador"
logic_negation,adaptive_calibrated,,,2,cuda,2.0918430000019725,0.0,2.091842399997404,6.00004568696022e-07,32,15.297515157671883,33.75,10,22,0.6875,1030013952,982.2978515625,"

Para saber mais sobre o vento, pode usar o botão ""Saber o vento"" no menu do"
logic_negation,adaptive_guarded_v3,,,2,cuda,1.8800578000082169,0.0,1.8800570000021253,8.00006091594696e-07,32,17.020753298042294,33.75,10,22,0.6875,1030013952,982.2978515625,"

Para saber mais sobre o vento, pode usar o botão ""Saber o vento"" no menu do"
logic_negation,speculative_adaptive,,,2,cuda,3.578932200005511,0.0,3.5789315000001807,7.00005330145359e-07,32,8.941214365544765,-8.59375,12,23,0.71875,1048937984,1000.34521484375,"

Ao sair, o vento deve ser menor que o que o usuario estiver usando. Se o usuario"
logic_negation,hybrid,speculative_adaptive,logic,2,cuda,3.6486919000017224,8.679999154992402e-05,3.6486045000056038,6.00004568696022e-07,32,8.770266406978592,-8.59375,12,23,0.71875,1048937984,1000.34521484375,"

Ao sair, o vento deve ser menor que o que o usuario estiver usando. Se o usuario"
logic_negation,hybrid,speculative_adaptive,logic,3,cuda,3.250089900000603,6.86999992467463e-05,3.250020699997549,5.00003807246685e-07,32,9.845881493922388,-8.59375,12,23,0.71875,1048937984,1000.34521484375,"

Ao sair, o vento deve ser menor que o que o usuario estiver usando. Se o usuario"
logic_negation,speculative_adaptive,,,3,cuda,3.519864400004735,0.0,3.519863699999405,7.00005330145359e-07,32,9.091259310999865,-8.59375,12,23,0.71875,1048937984,1000.34521484375,"

Ao sair, o vento deve ser menor que o que o usuario estiver usando. Se o usuario"
logic_negation,adaptive_guarded_v3,,,3,cuda,1.8825599999981932,0.0,1.8825593999936245,6.00004568696022e-07,32,16.998130205693688,33.75,10,22,0.6875,1030013952,982.2978515625,"

Para saber mais sobre o vento, pode usar o botão ""Saber o vento"" no menu do"
logic_negation,adaptive_calibrated,,,3,cuda,1.664294800008065,0.0,1.6642942000034964,6.00004568696022e-07,32,19.22736284451825,33.75,10,22,0.6875,1030013952,982.2978515625,"

Para saber mais sobre o vento, pode usar o botão ""Saber o vento"" no menu do"
logic_negation,expensive_only,,,3,cuda,1.3375830000004498,0.0,1.3375822000089101,7.999915396794677e-07,32,23.923749030893216,0.0,32,,,1032868864,985.0205078125,"

Para saber mais sobre o vento, pode usar o botão abaixonado no botão de navegador"
logic_negation,cheap_only,,,3,cuda,1.40232819999801,0.0,1.4023275999934413,6.00004568696022e-07,32,22.819194536660827,65.0,0,32,1.0,1030599168,982.85595703125,"

Ao verificar se o vento está entre 0 e 1, se o valor de cada vez mais 1"
logic_negation,cheap_only,,,4,cuda,1.3841977000120096,0.0,1.384197100007441,6.00004568696022e-07,32,23.118084938099784,65.0,0,32,1.0,1030599168,982.85595703125,"

Ao verificar se o vento está entre 0 e 1, se o valor de cada vez mais 1"
logic_negation,expensive_only,,,4,cuda,2.1327915999863762,0.0,2.132790700008627,8.999777492135763e-07,32,15.003810030105337,0.0,32,,,1032868864,985.0205078125,"

Para saber mais sobre o vento, pode usar o botão abaixonado no botão de navegador"
logic_negation,adaptive_calibrated,,,4,cuda,2.09022030000051,0.0,2.09021959999518,7.00005330145359e-07,32,15.309391072315291,33.75,10,22,0.6875,1030013952,982.2978515625,"

Para saber mais sobre o vento, pode usar o botão ""Saber o vento"" no menu do"
logic_negation,adaptive_guarded_v3,,,4,cuda,2.2064068999898154,0.0,2.2064062999997986,5.999900167807937e-07,32,14.503217878872528,33.75,10,22,0.6875,1030013952,982.2978515625,"

Para saber mais sobre o vento, pode usar o botão ""Saber o vento"" no menu do"
logic_negation,speculative_adaptive,,,4,cuda,3.45132609999564,0.0,3.4513254999910714,6.00004568696022e-07,32,9.271798454524603,-8.59375,12,23,0.71875,1048937984,1000.34521484375,"

Ao sair, o vento deve ser menor que o que o usuario estiver usando. Se o usuario"
logic_negation,hybrid,speculative_adaptive,logic,4,cuda,3.198823899991112,6.289999873843044e-05,3.198760300001595,6.999907782301307e-07,32,10.003676663816634,-8.59375,12,23,0.71875,1048937984,1000.34521484375,"

Ao sair, o vento deve ser menor que o que o usuario estiver usando. Se o usuario"
code,cheap_only,,,0,cuda,1.2303577000129735,0.0,1.2303570000076434,7.00005330145359e-07,32,26.008696495062026,65.0,0,32,1.0,1033467904,985.591796875,"

```python
def divide_numbers(a, b):
    if b == 0:
        raise ZeroDivisionError(""Cannot divide by zero"
code,expensive_only,,,0,cuda,1.4327425000083167,0.0,1.4327416000014637,9.00006853044033e-07,32,22.334788002599385,0.0,32,,,1036030464,988.03564453125,"

**Exemplo:**

```python
def divide_by_two(x):
    if x % 2 == 0:
       "
code,adaptive_calibrated,,,0,cuda,1.8822197999979835,0.0,1.8822190999926534,7.00005330145359e-07,32,17.001202516323694,43.125,7,25,0.78125,1032848384,985.0009765625,"

**Exemplo de uso:**

```python
def divide(x, y):
    if x % 2 == 0:"
code,adaptive_guarded_v3,,,0,cuda,1.6220704999868758,0.0,1.6220699999976205,4.999892553314567e-07,32,19.72787249398772,43.125,7,25,0.78125,1032848384,985.0009765625,"

**Exemplo de uso:**

```python
def divide(x, y):
    if x % 2 == 0:"
code,speculative_adaptive,,,0,cuda,1.6232160999934422,0.0,1.6232151999865891,9.00006853044033e-07,32,19.7139493627061,46.09375,5,31,0.96875,1054607872,1005.75244140625,"

```python
def divide_numbers(x, y):
    if x % 2 == 0:
        return x / 2
    else"
code,hybrid,adaptive_calibrated,code,0,cuda,1.9250153000029968,8.040000102482736e-05,1.9249340999958804,8.00006091594696e-07,32,16.623244500939904,43.125,7,25,0.78125,1032848384,985.0009765625,"

**Exemplo de uso:**

```python
def divide(x, y):
    if x % 2 == 0:"
code,hybrid,adaptive_calibrated,code,1,cuda,1.6481978000083473,0.00014000000373926014,1.6480564999947092,1.300009898841381e-06,32,19.41514543936288,43.125,7,25,0.78125,1032848384,985.0009765625,"

**Exemplo de uso:**

```python
def divide(x, y):
    if x % 2 == 0:"
code,speculative_adaptive,,,1,cuda,1.7614485999947647,0.0,1.7614480999909574,5.00003807246685e-07,32,18.16686561282294,46.09375,5,31,0.96875,1054607872,1005.75244140625,"

```python
def divide_numbers(x, y):
    if x % 2 == 0:
        return x / 2
    else"
code,adaptive_guarded_v3,,,1,cuda,1.9004482999880565,0.0,1.9004473000095459,9.999785106629133e-07,32,16.838132350246575,43.125,7,25,0.78125,1032848384,985.0009765625,"

**Exemplo de uso:**

```python
def divide(x, y):
    if x % 2 == 0:"
code,adaptive_calibrated,,,1,cuda,1.923568600002909,0.0,1.9235679999983404,6.00004568696022e-07,32,16.635746705343188,43.125,7,25,0.78125,1032848384,985.0009765625,"

**Exemplo de uso:**

```python
def divide(x, y):
    if x % 2 == 0:"
code,expensive_only,,,1,cuda,1.430269299991778,0.0,1.4302685000002384,7.999915396794677e-07,32,22.37340897982216,0.0,32,,,1036030464,988.03564453125,"

**Exemplo:**

```python
def divide_by_two(x):
    if x % 2 == 0:
       "
code,cheap_only,,,1,cuda,1.2467306000035023,0.0,1.2467298999981722,7.00005330145359e-07,32,25.66713289936904,65.0,0,32,1.0,1033467904,985.591796875,"

```python
def divide_numbers(a, b):
    if b == 0:
        raise ZeroDivisionError(""Cannot divide by zero"
code,cheap_only,,,2,cuda,1.3462361999991117,0.0,1.346235599994543,6.00004568696022e-07,32,23.769974392325146,65.0,0,32,1.0,1033467904,985.591796875,"

```python
def divide_numbers(a, b):
    if b == 0:
        raise ZeroDivisionError(""Cannot divide by zero"
code,expensive_only,,,2,cuda,1.4739705999963917,0.0,1.473970000006375,5.999900167807937e-07,32,21.71006667302478,0.0,32,,,1036030464,988.03564453125,"

**Exemplo:**

```python
def divide_by_two(x):
    if x % 2 == 0:
       "
code,adaptive_calibrated,,,2,cuda,1.5607755000091856,0.0,1.5607748000038555,7.00005330145359e-07,32,20.502628340726563,43.125,7,25,0.78125,1032848384,985.0009765625,"

**Exemplo de uso:**

```python
def divide(x, y):
    if x % 2 == 0:"
code,adaptive_guarded_v3,,,2,cuda,1.442116200007149,0.0,1.4421156000025803,6.00004568696022e-07,32,22.189612737060553,43.125,7,25,0.78125,1032848384,985.0009765625,"

**Exemplo de uso:**

```python
def divide(x, y):
    if x % 2 == 0:"
code,speculative_adaptive,,,2,cuda,1.5533259000076214,0.0,1.5533252000022912,7.00005330145359e-07,32,20.600956952976187,46.09375,5,31,0.96875,1054607872,1005.75244140625,"

```python
def divide_numbers(x, y):
    if x % 2 == 0:
        return x / 2
    else"
code,hybrid,adaptive_calibrated,code,2,cuda,1.4590467999951215,7.319998985622078e-05,1.4589726999984123,9.00006853044033e-07,32,21.93212719434839,43.125,7,25,0.78125,1032848384,985.0009765625,"

**Exemplo de uso:**

```python
def divide(x, y):
    if x % 2 == 0:"
code,hybrid,adaptive_calibrated,code,3,cuda,1.7425681999884546,6.930000381544232e-05,1.7424983999953838,4.999892553314567e-07,32,18.363700198484064,43.125,7,25,0.78125,1032848384,985.0009765625,"

**Exemplo de uso:**

```python
def divide(x, y):
    if x % 2 == 0:"
code,speculative_adaptive,,,3,cuda,1.6882743000023765,0.0,1.6882738999993308,4.00003045797348e-07,32,18.954265903328004,46.09375,5,31,0.96875,1054607872,1005.75244140625,"

```python
def divide_numbers(x, y):
    if x % 2 == 0:
        return x / 2
    else"
code,adaptive_guarded_v3,,,3,cuda,1.7296151000045938,0.0,1.7296139000100084,1.1999945854768157e-06,32,18.50122608198495,43.125,7,25,0.78125,1032848384,985.0009765625,"

**Exemplo de uso:**

```python
def divide(x, y):
    if x % 2 == 0:"
code,adaptive_calibrated,,,3,cuda,2.091903900000034,0.0,2.0919029000069713,9.999930625781417e-07,32,15.297069812814767,43.125,7,25,0.78125,1032848384,985.0009765625,"

**Exemplo de uso:**

```python
def divide(x, y):
    if x % 2 == 0:"
code,expensive_only,,,3,cuda,1.3616633999918122,0.0,1.3616626000002725,7.999915396794677e-07,32,23.500668373837776,0.0,32,,,1036030464,988.03564453125,"

**Exemplo:**

```python
def divide_by_two(x):
    if x % 2 == 0:
       "
code,cheap_only,,,3,cuda,1.2709661000117194,0.0,1.2709654000063892,7.00005330145359e-07,32,25.177697500904966,65.0,0,32,1.0,1033467904,985.591796875,"

```python
def divide_numbers(a, b):
    if b == 0:
        raise ZeroDivisionError(""Cannot divide by zero"
code,cheap_only,,,4,cuda,1.301099799995427,0.0,1.3010992999916198,5.00003807246685e-07,32,24.594577602819147,65.0,0,32,1.0,1033467904,985.591796875,"

```python
def divide_numbers(a, b):
    if b == 0:
        raise ZeroDivisionError(""Cannot divide by zero"
code,expensive_only,,,4,cuda,1.6691783999995096,0.0,1.6691779999964638,4.00003045797348e-07,32,19.17110837284343,0.0,32,,,1036030464,988.03564453125,"

**Exemplo:**

```python
def divide_by_two(x):
    if x % 2 == 0:
       "
code,adaptive_calibrated,,,4,cuda,1.7415997999924002,0.0,1.741599299988593,5.00003807246685e-07,32,18.373911159233963,43.125,7,25,0.78125,1032848384,985.0009765625,"

**Exemplo de uso:**

```python
def divide(x, y):
    if x % 2 == 0:"
code,adaptive_guarded_v3,,,4,cuda,1.4639080000051763,0.0,1.4639071999990847,8.00006091594696e-07,32,21.859297168870484,43.125,7,25,0.78125,1032848384,985.0009765625,"

**Exemplo de uso:**

```python
def divide(x, y):
    if x % 2 == 0:"
code,speculative_adaptive,,,4,cuda,1.7020908999984385,0.0,1.7020903000084218,5.999900167807937e-07,32,18.80040601828572,46.09375,5,31,0.96875,1054607872,1005.75244140625,"

```python
def divide_numbers(x, y):
    if x % 2 == 0:
        return x / 2
    else"
code,hybrid,adaptive_calibrated,code,4,cuda,1.8331693999934942,6.140000186860561e-05,1.8331074000016088,5.999900167807937e-07,32,17.456106347898654,43.125,7,25,0.78125,1032848384,985.0009765625,"

**Exemplo de uso:**

```python
def divide(x, y):
    if x % 2 == 0:"
long_simple,cheap_only,,,0,cuda,1.2871540999913123,0.0,1.2871530999982497,9.999930625781417e-07,32,24.861048106218195,65.0,0,32,1.0,1039118848,990.98095703125,"

Ao finalizar o tarefas, o que não pode ser ao terceiro, o que não pode"
long_simple,expensive_only,,,0,cuda,1.3717239000106929,0.0,1.3717233000061242,6.00004568696022e-07,32,23.328309727453572,0.0,32,,,1042668544,994.3662109375,"

Então, como a vida é, não se preocupes com as consequências de outros eventos."
long_simple,adaptive_calibrated,,,0,cuda,1.7316595000011148,0.0,1.7316586999950232,8.00006091594696e-07,32,18.479383504655157,21.250000000000004,14,18,0.5625,1041481216,993.23388671875,"

Então, como a vista de uma nova semana, eu parece que o tempo é muito mais lent"
long_simple,adaptive_guarded_v3,,,0,cuda,1.8423013999999966,0.0,1.8423009000107413,4.999892553314567e-07,32,17.36957915789461,21.250000000000004,14,18,0.5625,1041481216,993.23388671875,"

Então, como a vista de uma nova semana, eu parece que o tempo é muito mais lent"
long_simple,speculative_adaptive,,,0,cuda,2.3006581000081496,0.0,2.300657300002058,8.00006091594696e-07,32,13.909063671775762,18.125000000000004,8,26,0.8125,1067584000,1018.12744140625,"

Ao final, a cidade de São Paulo, como o que aconteceu, estava a ficar como um"
long_simple,hybrid,adaptive_calibrated,general,0,cuda,1.781046799995238,0.00019950000569224358,1.7808463999972446,8.999923011288047e-07,32,17.966961901329913,21.250000000000004,14,18,0.5625,1041481216,993.23388671875,"

Então, como a vista de uma nova semana, eu parece que o tempo é muito mais lent"
long_simple,hybrid,adaptive_calibrated,general,1,cuda,1.8286074999923585,0.00012240000069141388,1.8284845000016503,5.999900167807937e-07,32,17.499654792039145,21.250000000000004,14,18,0.5625,1041481216,993.23388671875,"

Então, como a vista de uma nova semana, eu parece que o tempo é muito mais lent"
long_simple,speculative_adaptive,,,1,cuda,2.7553243000002112,0.0,2.755323800010956,4.999892553314567e-07,32,11.613877901776407,18.125000000000004,8,26,0.8125,1067584000,1018.12744140625,"

Ao final, a cidade de São Paulo, como o que aconteceu, estava a ficar como um"
long_simple,adaptive_guarded_v3,,,1,cuda,2.122048299992457,0.0,2.1220474999863654,8.00006091594696e-07,32,15.079769862030824,21.250000000000004,14,18,0.5625,1041481216,993.23388671875,"

Então, como a vista de uma nova semana, eu parece que o tempo é muito mais lent"
long_simple,adaptive_calibrated,,,1,cuda,2.0314787999959663,0.0,2.031478099990636,7.00005330145359e-07,32,15.752071840505321,21.250000000000004,14,18,0.5625,1041481216,993.23388671875,"

Então, como a vista de uma nova semana, eu parece que o tempo é muito mais lent"
long_simple,expensive_only,,,1,cuda,1.4541344000026584,0.0,1.4541336999973282,7.00005330145359e-07,32,22.006218957437152,0.0,32,,,1042668544,994.3662109375,"

Então, como a vida é, não se preocupes com as consequências de outros eventos."
long_simple,cheap_only,,,1,cuda,1.3559183000033954,0.0,1.3559177999995882,5.00003807246685e-07,32,23.600241990922218,65.0,0,32,1.0,1039118848,990.98095703125,"

Ao finalizar o tarefas, o que não pode ser ao terceiro, o que não pode"
long_simple,cheap_only,,,2,cuda,1.5364147999935085,0.0,1.5364141999889398,6.00004568696022e-07,32,20.82770876727769,65.0,0,32,1.0,1039118848,990.98095703125,"

Ao finalizar o tarefas, o que não pode ser ao terceiro, o que não pode"
long_simple,expensive_only,,,2,cuda,1.3068639999983134,0.0,1.3068632000067737,7.999915396794677e-07,32,24.486098017881968,0.0,32,,,1042668544,994.3662109375,"

Então, como a vida é, não se preocupes com as consequências de outros eventos."
long_simple,adaptive_calibrated,,,2,cuda,1.904152899995097,0.0,1.9041522000043187,6.999907782301307e-07,32,16.805373139983875,21.250000000000004,14,18,0.5625,1041481216,993.23388671875,"

Então, como a vista de uma nova semana, eu parece que o tempo é muito mais lent"
long_simple,adaptive_guarded_v3,,,2,cuda,2.280976299996837,0.0,2.2809758000075817,4.999892553314567e-07,32,14.029080442459824,21.250000000000004,14,18,0.5625,1041481216,993.23388671875,"

Então, como a vista de uma nova semana, eu parece que o tempo é muito mais lent"
long_simple,speculative_adaptive,,,2,cuda,2.35019420000026,0.0,2.3501935999956913,6.00004568696022e-07,32,13.615896082118006,18.125000000000004,8,26,0.8125,1067584000,1018.12744140625,"

Ao final, a cidade de São Paulo, como o que aconteceu, estava a ficar como um"
long_simple,hybrid,adaptive_calibrated,general,2,cuda,1.7201469999999972,0.00012290000449866056,1.7200232000031974,8.999923011288047e-07,32,18.60306124999785,21.250000000000004,14,18,0.5625,1041481216,993.23388671875,"

Então, como a vista de uma nova semana, eu parece que o tempo é muito mais lent"
long_simple,hybrid,adaptive_calibrated,general,3,cuda,2.016394999998738,0.00012840000272262841,2.0162657000037143,8.999923011288047e-07,32,15.86990644195211,21.250000000000004,14,18,0.5625,1041481216,993.23388671875,"

Então, como a vista de uma nova semana, eu parece que o tempo é muito mais lent"
long_simple,speculative_adaptive,,,3,cuda,2.500111100001959,0.0,2.5001104999973904,6.00004568696022e-07,32,12.799431193267742,18.125000000000004,8,26,0.8125,1067584000,1018.12744140625,"

Ao final, a cidade de São Paulo, como o que aconteceu, estava a ficar como um"
long_simple,adaptive_guarded_v3,,,3,cuda,2.0577631999913137,0.0,2.0577624999859836,7.00005330145359e-07,32,15.55086610555339,21.250000000000004,14,18,0.5625,1041481216,993.23388671875,"

Então, como a vista de uma nova semana, eu parece que o tempo é muito mais lent"
long_simple,adaptive_calibrated,,,3,cuda,2.1393654999992577,0.0,2.139364700007718,7.999915396794677e-07,32,14.957705917951422,21.250000000000004,14,18,0.5625,1041481216,993.23388671875,"

Então, como a vista de uma nova semana, eu parece que o tempo é muito mais lent"
long_simple,expensive_only,,,3,cuda,1.4637991000054171,0.0,1.4637982999993255,8.00006091594696e-07,32,21.860923401224646,0.0,32,,,1042668544,994.3662109375,"

Então, como a vida é, não se preocupes com as consequências de outros eventos."
long_simple,cheap_only,,,3,cuda,1.6212366999970982,0.0,1.621235999991768,7.00005330145359e-07,32,19.738018513926608,65.0,0,32,1.0,1039118848,990.98095703125,"

Ao finalizar o tarefas, o que não pode ser ao terceiro, o que não pode"
long_simple,cheap_only,,,4,cuda,1.286216599997715,0.0,1.2862160000076983,5.999900167807937e-07,32,24.879168874089206,65.0,0,32,1.0,1039118848,990.98095703125,"

Ao finalizar o tarefas, o que não pode ser ao terceiro, o que não pode"
long_simple,expensive_only,,,4,cuda,1.3148712999973213,0.0,1.3148706999927526,6.00004568696022e-07,32,24.336982638578537,0.0,32,,,1042668544,994.3662109375,"

Então, como a vida é, não se preocupes com as consequências de outros eventos."
long_simple,adaptive_calibrated,,,4,cuda,2.192722199994023,0.0,2.192721300001722,8.999923011288047e-07,32,14.593731937446169,21.250000000000004,14,18,0.5625,1041481216,993.23388671875,"

Então, como a vista de uma nova semana, eu parece que o tempo é muito mais lent"
long_simple,adaptive_guarded_v3,,,4,cuda,1.8797998999943957,0.0,1.8797990000020945,8.999923011288047e-07,32,17.023088468137168,21.250000000000004,14,18,0.5625,1041481216,993.23388671875,"

Então, como a vista de uma nova semana, eu parece que o tempo é muito mais lent"
long_simple,speculative_adaptive,,,4,cuda,2.3571517999953358,0.0,2.357151200005319,5.999900167807937e-07,32,13.575706070378377,18.125000000000004,8,26,0.8125,1067584000,1018.12744140625,"

Ao final, a cidade de São Paulo, como o que aconteceu, estava a ficar como um"
long_simple,hybrid,adaptive_calibrated,general,4,cuda,2.0254233999876305,0.0001289000065298751,2.025293900005636,5.999754648655653e-07,32,15.79916574489829,21.250000000000004,14,18,0.5625,1041481216,993.23388671875,"

Então, como a vista de uma nova semana, eu parece que o tempo é muito mais lent"
